{
    "info": "Data generated by colour-science.org",
    "colour_version": "0.3.16",
    "date": "05/06/21",
    "sRGB_to_XYZ_matrix": [
        [
            0.4124,
            0.3576,
            0.1805
        ],
        [
            0.2126,
            0.7152,
            0.0722
        ],
        [
            0.0193,
            0.1192,
            0.9505
        ]
    ],
    "XYZ_to_RGB_matrices": {
        "ACES2065-1": [
            [
                1.0498110175,
                0.0,
                -9.74845e-05
            ],
            [
                -0.4959030231,
                1.3733130458,
                0.0982400361
            ],
            [
                0.0,
                0.0,
                0.9912520182
            ]
        ],
        "ACEScc": [
            [
                1.6410233796943259,
                -0.32480329418479004,
                -0.2364246952376122
            ],
            [
                -0.663662858722983,
                1.615331591657338,
                0.01675634768553014
            ],
            [
                0.011721894328375374,
                -0.008284441996237409,
                0.9883948585390215
            ]
        ],
        "ACEScct": [
            [
                1.6410233796943259,
                -0.32480329418479004,
                -0.2364246952376122
            ],
            [
                -0.663662858722983,
                1.615331591657338,
                0.01675634768553014
            ],
            [
                0.011721894328375374,
                -0.008284441996237409,
                0.9883948585390215
            ]
        ],
        "ACESproxy": [
            [
                1.6410233796943259,
                -0.32480329418479004,
                -0.2364246952376122
            ],
            [
                -0.663662858722983,
                1.615331591657338,
                0.01675634768553014
            ],
            [
                0.011721894328375374,
                -0.008284441996237409,
                0.9883948585390215
            ]
        ],
        "ACEScg": [
            [
                1.6410233796943259,
                -0.32480329418479004,
                -0.2364246952376122
            ],
            [
                -0.663662858722983,
                1.615331591657338,
                0.01675634768553014
            ],
            [
                0.011721894328375374,
                -0.008284441996237409,
                0.9883948585390215
            ]
        ],
        "Adobe RGB (1998)": [
            [
                2.04159,
                -0.56501,
                -0.34473
            ],
            [
                -0.96924,
                1.87597,
                0.04156
            ],
            [
                0.01344,
                -0.11836,
                1.01517
            ]
        ],
        "Adobe Wide Gamut RGB": [
            [
                1.4623041819736533,
                -0.1845256396156741,
                -0.2733810476878729
            ],
            [
                -0.5228682776866814,
                1.4479884041326982,
                0.06812616874480505
            ],
            [
                0.034600446145748,
                -0.09581962978997759,
                1.2876604565487553
            ]
        ],
        "Apple RGB": [
            [
                2.951978479694553,
                -1.289604304061091,
                -0.4739153071850055
            ],
            [
                -1.0850835744336773,
                1.9908093391113186,
                0.03720167780571311
            ],
            [
                0.0854722137322235,
                -0.2694297117995001,
                1.09102766940544
            ]
        ],
        "ALEXA Wide Gamut": [
            [
                1.789066,
                -0.482534,
                -0.200076
            ],
            [
                -0.639849,
                1.3964,
                0.194432
            ],
            [
                -0.041532,
                0.082335,
                0.878868
            ]
        ],
        "Best RGB": [
            [
                1.757371814400462,
                -0.48538023152289683,
                -0.25359913197187733
            ],
            [
                -0.5419967170978864,
                1.5047540435217635,
                0.021683368824162278
            ],
            [
                0.00666215063846905,
                -0.018496234009433805,
                1.2265983584065696
            ]
        ],
        "Beta RGB": [
            [
                1.6829707112645598,
                -0.42817109143544785,
                -0.2359825510633891
            ],
            [
                -0.7710715170176792,
                1.7066647201856604,
                0.04469276959585015
            ],
            [
                0.040006533368578116,
                -0.08854916511657031,
                1.272530821868739
            ]
        ],
        "ITU-R BT.470 - 525": [
            [
                1.9100814289466779,
                -0.5324779431078975,
                -0.28822200590244
            ],
            [
                -0.9846313481702315,
                1.9991000099213792,
                -0.028307194935740895
            ],
            [
                0.05830944589908333,
                -0.11838584470419934,
                0.8976120762646743
            ]
        ],
        "ITU-R BT.470 - 625": [
            [
                3.0633610900832706,
                -1.3933901749073667,
                -0.4758237379975298
            ],
            [
                -0.9692436362808797,
                1.8759675015077204,
                0.04155505740717561
            ],
            [
                0.06786104755356683,
                -0.2287992696204957,
                1.0690896180160276
            ]
        ],
        "ITU-R BT.709": [
            [
                3.240969941904523,
                -1.5373831775700941,
                -0.49861076029300355
            ],
            [
                -0.9692436362808798,
                1.8759675015077206,
                0.04155505740717563
            ],
            [
                0.05563007969699364,
                -0.20397695888897655,
                1.0569715142428786
            ]
        ],
        "ITU-R BT.2020": [
            [
                1.716651187971268,
                -0.3556707837763925,
                -0.2533662813736599
            ],
            [
                -0.6666843518324889,
                1.6164812366349386,
                0.015768545813911142
            ],
            [
                0.017639857445310794,
                -0.04277061325780854,
                0.9421031212354741
            ]
        ],
        "CIE RGB": [
            [
                2.36449012312116,
                -0.89655263046562,
                -0.4679374926555397
            ],
            [
                -0.5149352477680265,
                1.4263327948351212,
                0.08860245293290525
            ],
            [
                0.005148832393600104,
                -0.014261887353669025,
                1.009113054960069
            ]
        ],
        "Cinema Gamut": [
            [
                1.4898182749321833,
                -0.2608959021837416,
                -0.14242652177740084
            ],
            [
                -0.458166574469273,
                1.261627783050228,
                0.15962363162996535
            ],
            [
                -0.0703496677225017,
                0.2215576672256381,
                0.7761816036271039
            ]
        ],
        "ColorMatch RGB": [
            [
                2.641649764028525,
                -1.2231317926645218,
                -0.39291945826379304
            ],
            [
                -1.112071729231354,
                2.059195020155665,
                0.01596275209422999
            ],
            [
                0.082181958867259,
                -0.280766755373001,
                1.4562020913482403
            ]
        ],
        "DaVinci Wide Gamut": [
            [
                1.516672042024044,
                -0.2814780478789693,
                -0.14696363323677802
            ],
            [
                -0.46491710123327584,
                1.2514237756817124,
                0.17488460886509075
            ],
            [
                0.06484904706715999,
                0.10913934371056985,
                0.7614146215498789
            ]
        ],
        "DCDM XYZ": [
            [
                1.0,
                0.0,
                0.0
            ],
            [
                0.0,
                1.0,
                0.0
            ],
            [
                0.0,
                0.0,
                0.9999999999999996
            ]
        ],
        "DCI-P3": [
            [
                2.7253940304917332,
                -1.0180030062271852,
                -0.44016319519003655
            ],
            [
                -0.7951680258087641,
                1.6897320548436237,
                0.022647190608477467
            ],
            [
                0.04124189139570004,
                -0.08763901921586238,
                1.1009293786463221
            ]
        ],
        "DCI-P3+": [
            [
                1.9904034896401308,
                -0.5613958560523447,
                -0.22966194111232277
            ],
            [
                -0.4584927916120577,
                1.262346002621232,
                0.15487549148099605
            ],
            [
                0.01563206577595068,
                -0.004409044193216858,
                1.0377286742034941
            ]
        ],
        "Display P3": [
            [
                2.4934969119414263,
                -0.9313836179191245,
                -0.4027107844507171
            ],
            [
                -0.8294889695615748,
                1.7626640603183463,
                0.023624685841943605
            ],
            [
                0.035845830243784474,
                -0.07617238926804183,
                0.9568845240076874
            ]
        ],
        "DJI D-Gamut": [
            [
                1.7257,
                -0.4314,
                -0.1917
            ],
            [
                -0.6025,
                1.3906,
                0.1671
            ],
            [
                -0.0156,
                0.0905,
                0.8489
            ]
        ],
        "Don RGB 4": [
            [
                1.758191268655849,
                -0.4865920469084809,
                -0.2530881431968779
            ],
            [
                -0.7112838966514906,
                1.6522530190000602,
                0.040764488711625
            ],
            [
                0.007177425665153391,
                -0.034599526208223444,
                1.245512826549035
            ]
        ],
        "ECI RGB v2": [
            [
                1.782156016860445,
                -0.49656316645712045,
                -0.26901095285252896
            ],
            [
                -0.9592342688960542,
                1.948444608695109,
                -0.028431729073125887
            ],
            [
                0.08612754865320718,
                -0.17494658320182693,
                1.3233402856945276
            ]
        ],
        "Ekta Space PS 5": [
            [
                2.0033660291829265,
                -0.7301386940683845,
                -0.2444520434922986
            ],
            [
                -0.7121546200220883,
                1.6207656869468203,
                0.07994372336443822
            ],
            [
                0.038186626508236836,
                -0.08690749481184928,
                1.2726680869038218
            ]
        ],
        "FilmLight E-Gamut": [
            [
                1.5250527704047485,
                -0.315913510934743,
                -0.12265826460517523
            ],
            [
                -0.5091525599713287,
                1.3333274087321487,
                0.1382843651413829
            ],
            [
                0.0957153453137049,
                0.05089744385151598,
                0.7879557702853912
            ]
        ],
        "Protune Native": [
            [
                2.266896503223739,
                -0.8316335863167417,
                -0.29654224577129523
            ],
            [
                -0.35733783183789913,
                1.2433731477878518,
                0.08838898798076414
            ],
            [
                -0.21823444908167994,
                0.3441751474545552,
                0.7926550061827873
            ]
        ],
        "Max RGB": [
            [
                1.2169927956063877,
                -0.1358093345086563,
                -0.045729421973546444
            ],
            [
                -0.5470463817972567,
                1.5105538743513405,
                0.020555680298702042
            ],
            [
                0.0,
                0.0,
                1.2119675456389454
            ]
        ],
        "P3-D65": [
            [
                2.4934969119414263,
                -0.9313836179191245,
                -0.4027107844507171
            ],
            [
                -0.8294889695615748,
                1.7626640603183463,
                0.023624685841943605
            ],
            [
                0.035845830243784474,
                -0.07617238926804183,
                0.9568845240076874
            ]
        ],
        "Pal/Secam": [
            [
                3.0633610900832706,
                -1.3933901749073667,
                -0.4758237379975298
            ],
            [
                -0.9692436362808797,
                1.8759675015077204,
                0.04155505740717561
            ],
            [
                0.06786104755356683,
                -0.2287992696204957,
                1.0690896180160276
            ]
        ],
        "REDcolor": [
            [
                2.9943363453148275,
                -1.3790653425991253,
                -0.4287370289278098
            ],
            [
                -0.7947266269791027,
                1.6928386458924694,
                0.05740190275674846
            ],
            [
                0.12764084640743337,
                -0.17911635794979525,
                0.9712977647052143
            ]
        ],
        "REDcolor2": [
            [
                2.5506073507589995,
                -1.0942692686430355,
                -0.30298724308897595
            ],
            [
                -0.48063393841856766,
                1.363248337014905,
                0.08592109870382994
            ],
            [
                0.25725609647200676,
                -0.13431523068517887,
                0.8170408303896939
            ]
        ],
        "REDcolor3": [
            [
                2.5867391521107606,
                -1.1024010175825438,
                -0.3270538601182748
            ],
            [
                -0.747625578894228,
                1.6008680990161326,
                0.10074494541980884
            ],
            [
                0.06405867434804473,
                -0.04645456220262892,
                0.9049746120458588
            ]
        ],
        "REDcolor4": [
            [
                2.788553288052698,
                -1.1868770510775457,
                -0.42561558294603924
            ],
            [
                -0.8125579736531967,
                1.7326502839677265,
                0.03640785636609667
            ],
            [
                0.06405706911533555,
                -0.046453781765495576,
                0.9049752963675204
            ]
        ],
        "REDWideGamutRGB": [
            [
                1.412806612336158,
                -0.17752236616704917,
                -0.15177037638116067
            ],
            [
                -0.48620318583506894,
                1.290696210836872,
                0.15740028369104153
            ],
            [
                -0.0371387758049716,
                0.2863757595579626,
                0.6876796053100493
            ]
        ],
        "DRAGONcolor": [
            [
                2.414076710921127,
                -1.0066404205687642,
                -0.26429553206227413
            ],
            [
                -0.6171598617361882,
                1.4508735498946943,
                0.1246120313970183
            ],
            [
                0.12073205688792174,
                -0.046690477012479206,
                0.8557305407430991
            ]
        ],
        "DRAGONcolor2": [
            [
                2.726558734748904,
                -1.137440445056361,
                -0.4169048560771406
            ],
            [
                -0.7177014300111694,
                1.6549230020286327,
                0.024994612048765102
            ],
            [
                0.12073280771400238,
                -0.04669036046146215,
                0.8557297784528398
            ]
        ],
        "ROMM RGB": [
            [
                1.346,
                -0.2556,
                -0.0511
            ],
            [
                -0.5446,
                1.5082,
                0.0205
            ],
            [
                0.0,
                0.0,
                1.2123
            ]
        ],
        "RIMM RGB": [
            [
                1.346,
                -0.2556,
                -0.0511
            ],
            [
                -0.5446,
                1.5082,
                0.0205
            ],
            [
                0.0,
                0.0,
                1.2123
            ]
        ],
        "ERIMM RGB": [
            [
                1.346,
                -0.2556,
                -0.0511
            ],
            [
                -0.5446,
                1.5082,
                0.0205
            ],
            [
                0.0,
                0.0,
                1.2123
            ]
        ],
        "F-Gamut": [
            [
                1.716651187971268,
                -0.3556707837763925,
                -0.2533662813736599
            ],
            [
                -0.6666843518324889,
                1.6164812366349386,
                0.015768545813911142
            ],
            [
                0.017639857445310794,
                -0.04277061325780854,
                0.9421031212354741
            ]
        ],
        "ProPhoto RGB": [
            [
                1.346,
                -0.2556,
                -0.0511
            ],
            [
                -0.5446,
                1.5082,
                0.0205
            ],
            [
                0.0,
                0.0,
                1.2123
            ]
        ],
        "Russell RGB": [
            [
                1.5869991824599514,
                -0.35980738189381695,
                -0.17216337569104412
            ],
            [
                -0.753521543523905,
                1.6771931130048205,
                0.04750942283215238
            ],
            [
                0.037041072222015824,
                -0.08244625752642253,
                1.1363245059076488
            ]
        ],
        "Sharp RGB": [
            [
                1.269418882785791,
                -0.09883024128611886,
                -0.17058864149967184
            ],
            [
                -0.8363858117214482,
                1.8007170554905074,
                0.035668756230940735
            ],
            [
                0.0297300599132443,
                -0.03147126269260936,
                1.0017412027793644
            ]
        ],
        "SMPTE 240M": [
            [
                3.506003282724664,
                -1.7397907263028327,
                -0.5440582683627415
            ],
            [
                -1.0690475598538156,
                1.9777788827287877,
                0.03517141933719516
            ],
            [
                0.05630659173412771,
                -0.1969756548207718,
                1.0499523282187333
            ]
        ],
        "SMPTE C": [
            [
                3.506003282724664,
                -1.7397907263028327,
                -0.5440582683627415
            ],
            [
                -1.0690475598538156,
                1.9777788827287877,
                0.03517141933719516
            ],
            [
                0.05630659173412771,
                -0.1969756548207718,
                1.0499523282187333
            ]
        ],
        "NTSC (1953)": [
            [
                1.9100814289466779,
                -0.5324779431078975,
                -0.28822200590244
            ],
            [
                -0.9846313481702315,
                1.9991000099213792,
                -0.028307194935740895
            ],
            [
                0.05830944589908333,
                -0.11838584470419934,
                0.8976120762646743
            ]
        ],
        "NTSC (1987)": [
            [
                3.506003282724664,
                -1.7397907263028327,
                -0.5440582683627415
            ],
            [
                -1.0690475598538156,
                1.9777788827287877,
                0.03517141933719516
            ],
            [
                0.05630659173412771,
                -0.1969756548207718,
                1.0499523282187333
            ]
        ],
        "S-Gamut": [
            [
                1.5073998991,
                -0.2458221374,
                -0.1716116808
            ],
            [
                -0.5181517271,
                1.3553912409,
                0.1258786682
            ],
            [
                0.0155116982,
                -0.0078727714,
                0.9119163656
            ]
        ],
        "S-Gamut3": [
            [
                1.5073998991,
                -0.2458221374,
                -0.1716116808
            ],
            [
                -0.5181517271,
                1.3553912409,
                0.1258786682
            ],
            [
                0.0155116982,
                -0.0078727714,
                0.9119163656
            ]
        ],
        "S-Gamut3.Cine": [
            [
                1.8467789693,
                -0.525986123,
                -0.2105452114
            ],
            [
                -0.4441532629,
                1.2594429028,
                0.1493999729
            ],
            [
                0.0408554212,
                0.0156408893,
                0.8682072487
            ]
        ],
        "Venice S-Gamut3": [
            [
                1.3902639751401862,
                -0.13557353430238892,
                -0.17061638917345856
            ],
            [
                -0.49777193134118125,
                1.3287678224767094,
                0.13253884827114146
            ],
            [
                0.03205319065233139,
                -0.02043802608152834,
                0.9090178003456292
            ]
        ],
        "Venice S-Gamut3.Cine": [
            [
                1.7070112862504891,
                -0.393082475999069,
                -0.21060087805423972
            ],
            [
                -0.42750858307695083,
                1.236944411606168,
                0.15553229838050003
            ],
            [
                0.05417788104171908,
                0.005806009068661472,
                0.8656109394771555
            ]
        ],
        "sRGB": [
            [
                3.2406,
                -1.5372,
                -0.4986
            ],
            [
                -0.9689,
                1.8758,
                0.0415
            ],
            [
                0.0557,
                -0.204,
                1.057
            ]
        ],
        "V-Gamut": [
            [
                1.589012,
                -0.313204,
                -0.180965
            ],
            [
                -0.534053,
                1.396011,
                0.102458
            ],
            [
                0.011179,
                0.003194,
                0.905535
            ]
        ],
        "Xtreme RGB": [
            [
                1.0370263234017933,
                0.0,
                0.0
            ],
            [
                0.0,
                1.0,
                0.0
            ],
            [
                0.0,
                0.0,
                1.2119675456389452
            ]
        ]
    },
    "whitepoints": {
        "ACES2065-1": "ACES",
        "ACEScc": "ACES",
        "ACEScct": "ACES",
        "ACESproxy": "ACES",
        "ACEScg": "ACES",
        "Adobe RGB (1998)": "D65",
        "Adobe Wide Gamut RGB": "D50",
        "Apple RGB": "D65",
        "ALEXA Wide Gamut": "D65",
        "Best RGB": "D50",
        "Beta RGB": "D50",
        "ITU-R BT.470 - 525": "C",
        "ITU-R BT.470 - 625": "D65",
        "ITU-R BT.709": "D65",
        "ITU-R BT.2020": "D65",
        "CIE RGB": "E",
        "Cinema Gamut": "D65",
        "ColorMatch RGB": "D50",
        "DaVinci Wide Gamut": "D65",
        "DCDM XYZ": "E",
        "DCI-P3": "DCI-P3",
        "DCI-P3+": "DCI-P3",
        "Display P3": "D65",
        "DJI D-Gamut": "D65",
        "Don RGB 4": "D50",
        "ECI RGB v2": "D50",
        "Ekta Space PS 5": "D50",
        "FilmLight E-Gamut": "D65",
        "Protune Native": "D65",
        "Max RGB": "D50",
        "P3-D65": "D65",
        "Pal/Secam": "D65",
        "REDcolor": "D65",
        "REDcolor2": "D65",
        "REDcolor3": "D65",
        "REDcolor4": "D65",
        "REDWideGamutRGB": "D65",
        "DRAGONcolor": "D65",
        "DRAGONcolor2": "D65",
        "ROMM RGB": "D50",
        "RIMM RGB": "D50",
        "ERIMM RGB": "D50",
        "F-Gamut": "D65",
        "ProPhoto RGB": "D50",
        "Russell RGB": "D55",
        "Sharp RGB": "E",
        "SMPTE 240M": "D65",
        "SMPTE C": "D65",
        "NTSC (1953)": "C",
        "NTSC (1987)": "D65",
        "S-Gamut": "D65",
        "S-Gamut3": "D65",
        "S-Gamut3.Cine": "D65",
        "Venice S-Gamut3": "D65",
        "Venice S-Gamut3.Cine": "D65",
        "sRGB": "D65",
        "V-Gamut": "D65",
        "Xtreme RGB": "D50"
    },
    "CAT_matrices": {
        "D65_to_C": [
            [
                1.0020718355436764,
                0.013169533455173002,
                0.013875593622254462
            ],
            [
                0.009151117117916226,
                0.9854467345793717,
                0.005376695508273327
            ],
            [
                0.0001244751787440302,
                0.0013277506118034108,
                1.084243176562511
            ]
        ],
        "D65_to_E": [
            [
                1.036207667081551,
                0.04117141604711544,
                -0.023911619804359657
            ],
            [
                0.02918281278448123,
                0.9828768328453859,
                -0.009745865374935034
            ],
            [
                -0.0007593175873916811,
                -0.0010007075130391615,
                0.9198065067858424
            ]
        ],
        "D65_to_DCI-P3": [
            [
                0.9910855247078757,
                -0.027362287488982638,
                -0.018395653567371106
            ],
            [
                -0.019102243684210624,
                1.0258377470030418,
                -0.007053718012693201
            ],
            [
                -8.054880057966479e-05,
                -0.001959887487200213,
                0.8782384582642453
            ]
        ],
        "D65_to_ACES": [
            [
                1.0119593492787884,
                0.008007966657797579,
                -0.01577937766233084
            ],
            [
                0.005771078153540621,
                1.0013620155134944,
                -0.006287243211140922
            ],
            [
                -0.00033762208926845037,
                -0.0010466140323350855,
                0.9275841364655992
            ]
        ],
        "D65_to_D65": [
            [
                0.9999999999999999,
                -1.43982048506075e-16,
                0.0
            ],
            [
                4.0576266305270003e-17,
                1.0000000000000002,
                0.0
            ],
            [
                -1.3010426069826053e-18,
                0.0,
                1.0
            ]
        ],
        "D65_to_D50": [
            [
                1.0425738924111991,
                0.030891075263705246,
                -0.052812565931937505
            ],
            [
                0.02219345106525206,
                1.001856632807238,
                -0.021073749209281643
            ],
            [
                -0.001164880053235204,
                -0.003420527482775094,
                0.7617890755244796
            ]
        ],
        "D65_to_D55": [
            [
                1.025850787684883,
                0.017944017851960675,
                -0.03321374201116978
            ],
            [
                0.012913372089693991,
                1.002147813948309,
                -0.013242093891825006
            ],
            [
                -0.0007199377245113428,
                -0.0021810648237998043,
                0.8486802773970465
            ]
        ]
    }
}